{
    "score": 44,
    "checkpointPos": {
        "x": 33.12999725341797,
        "y": 11.40000057220459
    }
}