{
    "score": 3,
    "checkpointPos": {
        "x": 10.089998245239258,
        "y": 1.0999999046325684
    },
    "health": 2,
    "gameHeart": 3,
    "currentLevel": "GameScene"
}