{
    "score": 2,
    "checkpointPos": {
        "x": -14.329999923706055,
        "y": 1.4900000095367432
    },
    "health": 3,
    "gameHeart": 4,
    "currentLevel": "GameScene"
}